{
  "percent_entity": {
    "precision": 0.8181818181818182,
    "recall": 1.0,
    "f1-score": 0.9,
    "support": 9,
    "confused_with": {}
  },
  "display_on_off_entity": {
    "precision": 1.0,
    "recall": 1.0,
    "f1-score": 1.0,
    "support": 5,
    "confused_with": {}
  },
  "display_num_entity": {
    "precision": 1.0,
    "recall": 0.6,
    "f1-score": 0.7499999999999999,
    "support": 5,
    "confused_with": {
      "percent_entity": 2
    }
  },
  "micro avg": {
    "precision": 0.8947368421052632,
    "recall": 0.8947368421052632,
    "f1-score": 0.8947368421052632,
    "support": 19
  },
  "macro avg": {
    "precision": 0.9393939393939394,
    "recall": 0.8666666666666667,
    "f1-score": 0.8833333333333333,
    "support": 19
  },
  "weighted avg": {
    "precision": 0.9138755980861244,
    "recall": 0.8947368421052632,
    "f1-score": 0.8868421052631578,
    "support": 19
  },
  "accuracy": 0.9940298507462687
}